X,Y,name,num,adress,shcuna,zerem,x_coord,y_coord,semel,level,ganenet,sayaat,רחוב,מספר_בית,icon_url
34.9524735315934,32.0884353541261,אקליפטוס,1.00000000000,המיילדת 5,שבזי,ממ''ד,195669.69360699999,666152.68888799998,"204081",חובה,,,המילדת,5.000000,./0.png
34.9448742675519,32.0978992418744,גן מוסיקלי,1.00000000000,זכריה משה 9,שבזי,ממלכתי,194954.81902200001,667203.84309400001,"0",חובה,,,זכריה משה,9.000000,./0.png
34.9725906811752,32.0910492230345,כרכום,1.00000000000,כינור 28,נווה אפק,ממלכתי,197569.45298199999,666438.28235999995,"900910",ט. חובה,,,כינור,28.000000,./0.png
34.9571000257389,32.0881376051768,יקינטון,1.00000000000,רמת הגולן 87,מצפה אפק,ממלכתי,196106.37687899999,666118.66066800000,"900902",חובה,,,רמת הגולן,87.000000,./0.png
34.9547364924473,32.0879903600284,סיתונית,1.00000000000,הר המור 4,מצפה אפק,ממלכתי,195883.21166700000,666102.84666799998,"204511",ט. חובה,,,הר  המור,4.000000,./0.png
34.9747931317807,32.0933319349269,צוקית,1.00000000000,ברקן 2,נווה אפק,ממלכתי,197777.90572899999,666690.96789400000,"204545",ט. חובה,,,ברקן,2.000000,./0.png
34.9567358854678,32.090107827297,רעות-אחווה שילוב,1.00000000000,רש''י 120,הרקפות,תורני,196072.50220300001,666337.21782200004,"225805",חובה,,,רש''י,120.000000,./0.png
34.9631930527068,32.1018774601536,הרדוף,1.00000000000,הדרור 33,גבעת הסלעים,ממ''ד,196684.99197700000,667640.97407899995,"197632",חובה,,,הדרור,33.000000,./0.png
34.9485235598264,32.1023356770749,קשת,1.00000000000,יחיא יצחק הלוי 20,צה''ל,ממ''ד,195300.45842400001,667694.97790000006,"372342",ט. חובה,,,יחיא יצחק הלוי,20.000000,./0.png
34.9457815261538,32.0921405986031,עוגב,1.00000000000,ספיר יעקב 10,שבזי,ממ''ד,195038.92748700001,666565.05953900004,"355487",ט. חובה,,,ספיר יעקב,10.000000,./0.png
34.9466257768995,32.0970332814733,חליל,1.00000000000,מוזס עפרה 4,אביב,ממ''ד,195119.92173900001,667107.41984800005,"355495",ט. חובה,,,מוזס עפרה,4.000000,./0.png
34.9566116224294,32.0900087110513,תמר,1.00000000000,רש''י 120,הרקפות,תורני,196060.74625299999,666326.25374700001,"345942",ט. חובה,,,רש''י,120.000000,./0.png
34.947373254833,32.104364387813,תאנה,1.00000000000,יהושוע בן נון 70,צה''ל,ממלכתי,195192.41791600001,667920.20082999999,"204479",חובה,,,יהושע בן נון,70.000000,./0.png
34.9474740789782,32.1045335268607,נופר,1.00000000000,יהושוע בן נון 70,צה''ל,ממלכתי,195201.97915500001,667938.93405599997,"116798",ט. חובה,,,יהושע בן נון,70.000000,./0.png
34.95771584379,32.1018851810205,יסמין,1.00000000000,ורדית 2 פינת גזית,גבעת הסלעים,ממלכתי,196168.00000000000,667643.00000000000,"135756",חובה,,,ורדית,2.000000,./0.png
34.9546123572519,32.0852675062169,ערבה,1.00000000000,מגדל דוד 28,מצפה אפק,ממ''ד,195870.79353900001,665800.93616200006,"135772",ט. חובה,,,מגדל דוד,28.000000,./0.png
34.9638016565076,32.0943982231406,מור,1.00000000000,אילנות 11,גבעת טל,ממלכתי,196740.58750299999,666811.47083200002,"159392",ט. חובה,,,אילנות,11.000000,./0.png
34.9639037854075,32.0941850507478,לבונה,1.00000000000,אילנות 13,גבעת טל,ממלכתי,196750.17551999999,666787.81059000001,"116806",חובה,,,אילנות,13.000000,./0.png
34.9716445176407,32.0959719635457,לילך,1.00000000000,הא באייר 120,נווה אפק,ממלכתי,197481.31225399999,666984.35840499995,"204362",ט. חובה,,,ה' באייר,120.000000,./0.png
34.9619366496093,32.1026277394506,אשל,1.00000000000,יונה 1,גבעת הסלעים,ממלכתי,196566.58715800001,667724.43884500000,"204602",ט. חובה,,,יונה,1.000000,./0.png
34.9521908125333,32.0969233441762,הדר,1.00000000000,ג'ון קנדי 49 א,אביב,תורני,195645.20504800000,667093.98664000002,"720581",ט. חובה,,,ג'ון קנדי,49.000000,./0.png
34.9425156831824,32.0971662188519,פיקוס,1.00000000000,העצמאות 27,רמב''ם,ממלכתי,194731.98496999999,667123.09618200001,"204289",חובה,,,העצמאות,27.000000,./0.png
34.948582198991,32.1020308109693,גפן,1.00000000000,יצחק הלוי 29,צה''ל,תורני,195305.91313700000,667661.15803100006,"422899",ט. חובה,,,יצחק הלוי,29.000000,./0.png
34.9467319313885,32.0968929132082,"שיל""ת",1.00000000000,מוזס עפרה 4,אביב,תורני,195129.90500400000,667091.83041199995,"375279",ט. חובה,,,מוזס עפרה,4.000000,./0.png
34.9405145929721,32.09904043196,אלון,1.00000000000,גלוסקא 4,רמב''ם,תורני,194543.60080499999,667331.38892299996,"749069",ט. חובה,,,גלוסקא,4.000000,./0.png
34.942589587085,32.0961502981326,הדס,1.00000000000,עצמאות 7,רמב''ם,תורני,194738.68760100001,667010.42342600005,"16071",ט. חובה,,,עצמאות,7.000000,./0.png
34.9421461969602,32.0969893570808,מיתר,1.00000000000,העצמאות 29,רמב''ם,ממלכתי,194697.05964200001,667103.56868100003,"204420",חובה,,,העצמאות,29.000000,./0.png
34.965709876974,32.0976113009956,זמיר,1.00000000000,חרצית  2,גבעת טל,ממלכתי,196921.50781600000,667167.36958499998,"204461",ט. חובה,,,חרצית,2.000000,./0.png
34.9657682236034,32.097814980405,חוחית,1.00000000000,חרצית  2,גבעת טל,ממלכתי,196927.06539500001,667189.94346500002,"204651",חובה,,,חרצית,2.000000,./0.png
34.9545598872039,32.0851130867615,צבר- התפתחותי,1.00000000000,מגדל דוד 28,מצפה אפק,ממ''ד,195865.80033100001,665783.82404300000,"621615",חינוך מיוחד,,,מגדל דוד,28.000000,./0.png
34.9523952012307,32.0885046756597,ברוש,1.00000000000,המיילדת 5,שבזי,ממ''ד,195662.31687800001,666160.39324000000,"204123",ט. חובה,,,המילדת,5.000000,./0.png
34.9400817045465,32.0992726624891,אורן,1.00000000000,התנאים 24,רמב''ם,ממ''ד,194502.80228800001,667357.24114800000,"203505",ט. חובה,,,התנאים,24.000000,./0.png
34.9456794149967,32.0920142762126,נבל,1.00000000000,ספיר יעקב 10,שבזי,ממ''ד,195029.25458000001,666551.07473500003,"355479",חובה,,,ספיר יעקב,10.000000,./0.png
34.9747932640162,32.0957044072295,נורית,1.00000000000,מבצע דני 23,נווה אפק,ממלכתי,197778.47836199999,666954.05180799996,"204594",ט. חובה,,,מבצע  דני,23.000000,./0.png
34.9571696911373,32.0882906040273,נרקיס,1.00000000000,רמת הגולן 87,מצפה אפק,ממ''ד,196112.99247299999,666135.61165800004,"203489",חובה,,,רמת הגולן,87.000000,./0.png
34.9402932091435,32.0992619189134,פסנתר,1.00000000000,מלאכי יוסף 3,רמב''ם,ממ''ד,194522.76387699999,667356.00086699997,"567917",חובה,,,מלאכי יוסף,3.000000,./0.png
34.9704644530256,32.0938704638163,ספיר נווה דליה,1.00000000000,נווה אפיקים,נווה אפק,ממלכתי,197369.41325400001,666751.56366999994,"204388",חובה,,,נווה אפיקים,0.000000,./0.png
34.9709479245682,32.09393666223,אלמוג נוה דליה,1.00000000000,נווה אפיקים,נווה אפק,ממלכתי,197415.06800599999,666758.80552499997,"204370",חובה,,,נווה אפיקים,0.000000,./0.png
34.9721498052567,32.0939684252506,גלבוע נופים,1.00000000000,נווה אפיקים,נווה אפק,ממלכתי,197528.53092600001,666762.08275800000,"116848",חובה,,,נווה אפיקים,1.000000,./0.png
34.9724083672958,32.0939883974362,חרמון נופים,1.00000000000,נווה אפיקים,נווה אפק,ממלכתי,197552.94346400001,666764.24494100001,"116822",חובה,,,נווה אפיקים,0.000000,./0.png
34.9564780577503,32.0955534838161,שיר,1.00000000000,עלי הכהן 13,הרקפות,ממ''ד,196049.55095100001,666941.14390699996,"355453",ט. חובה,,,עלי הכהן,13.000000,./0.png
34.95650357494,32.0953907430579,ענבל,1.00000000000,עלי הכהן 11,הרקפות,ממ''ד,196051.91819999999,666923.09199999995,"204107",חובה,,,עלי הכהן,11.000000,./0.png
34.9480336781831,32.1026401859474,שקד,1.00000000000,"הרש""ש 32",צה''ל,ממ''ד,195254.29898399999,667728.85486900003,"203430",חובה,,,"הרש""ש",32.000000,./0.png
34.948058309612,32.1025178382967,כינור,1.00000000000,"הרש""ש 32",צה''ל,ממ''ד,195256.59166899999,667715.28215600003,"355461",ט. חובה,,,"הרש""ש",32.000000,./0.png
34.948361969839,32.1023335889252,זמר,1.00000000000,יחיא יצחק הלוי 20,צה''ל,ממ''ד,195285.20545899999,667694.78255400003,"447268",חובה,,,יחיא יצחק הלוי,20.000000,./0.png
34.9418337895096,32.0990917162833,מוריה,1.00000000000,"מהריק""א 5",רמב''ם,תורני,194668.13759000000,667336.77187199995,"375261",חובה,,,"מהריק""א",5.000000,./0.png
34.941708277207,32.0993007087065,שלהבת,1.00000000000,"מהריק""א 5",רמב''ם,תורני,194656.34657400000,667359.97598500003,"375246",חובה,,,"מהריק""א",5.000000,./0.png
34.943351453102,32.0999865902835,השלום-דביר שילוב,1.00000000000,"מהריק""א 6",רמב''ם,תורני,194811.63459400000,667435.65697600006,"139006",חובה,,,"מהריק""א",6.000000,./0.png
34.943098636468,32.0998606421951,חורב,1.00000000000,"מהריק""א 6",רמב''ם,תורני,194787.73687100000,667421.74834499997,"544882",ט. חובה,,,"מהריק""א",6.000000,./0.png
34.9428471831297,32.0999631955139,"תשב""ר",1.00000000000,"מהריק""א 6",רמב''ם,תורני,194764.02923300001,667433.17807400005,"544874",ט. חובה,,,"מהריק""א",6.000000,./0.png
34.9487137211742,32.1020711279194,ארז,1.00000000000,יצחק הלוי 29,צה''ל,תורני,195318.33810699999,667665.59934600000,"422881",ט. חובה,,,יצחק הלוי,29.000000,./0.png
34.9500652218561,32.0907014920276,סימפוניה,1.00000000000,דקר 6,שבזי,ממ''ד,195442.93239500001,666404.51497100003,"458604",חובה,,,דקר,6.000000,./0.png
34.9499919516161,32.0908035167596,סול,1.00000000000,דקר 6,אביב,ממ''ד,195436.04225800000,666415.84483099997,"447276",ט. חובה,,,דקר,6.000000,./0.png
34.9564957051433,32.095118709547,חלילית,1.00000000000,עלי הכהן 8,הרקפות,ממ''ד,196051.10596900000,666892.92783399997,"458596",ט. חובה,,,עלי  הכהן,8.000000,./0.png
34.937932603308,32.096281856267,חצב,1.00000000000,העצמאות 6,רמב''ם,ממ''ד,194299.12306000001,667026.08876199997,"203513",חובה,,,העצמאות,6.000000,./0.png
34.9792148335584,32.0936970331417,רותם,1.00000000000,ברקן 58,נווה אפק,ממלכתי,198195.39348999999,666730.57356399996,"523308",ט. חובה,,,ברקן,58.000000,./0.png
34.9591240360072,32.0915602550173,צבעוני,1.00000000000,רמת הגולן 8,מצפה אפק,ממ''ד,196298.31502700000,666497.76261199999,"523290",חובה,,,רמת הגולן,8.000000,./0.png
34.9590494491011,32.0914502157268,מרגנית,1.00000000000,רמת הגולן 8,מצפה אפק,ממ''ד,196291.24621499999,666485.57634799997,"523282",ט. חובה,,,רמת הגולן,8.000000,./0.png
34.9370960822777,32.0987301840875,פעמון,1.00000000000,המוביל הארצי,רמב''ם,ממ''ד,194220.83196200000,667297.78024300002,"458612",ט. חובה,,,המוביל הארצי,11.000000,./0.png
34.9742983117522,32.0857553785136,דובדבן,1.00000000000,יפה ירקוני 6,פסגות אפק,ממלכתי,197729.40286400000,665850.90220200003,"535906",ט. חובה,,,יפה ירקוני,6.000000,./0.png
34.9744418875906,32.0858821511635,אפרסמון,1.00000000000,יפה ירקוני 6,פסגות אפק,ממלכתי,197742.98733599999,665864.93112199998,"535914",חובה,,,יפה ירקוני,6.000000,./0.png
34.9773593280634,32.0886537076866,ריחן,1.00000000000,הרב גורן 3,פסגות אפק,ממלכתי,198019.05942300000,666171.68576100003,"567800",חובה,,,הרב גורן,3.000000,./0.png
34.9773752420505,32.0885565221389,שושן,1.00000000000,הרב גורן 3,פסגות אפק,ממלכתי,198020.53907599999,666160.90568500001,"567818",ט. חובה,,,הרב גורן,3.000000,./0.png
34.9749947722597,32.0861968940661,תות,1.00000000000,יפה ירקוני 6,פסגות אפק,ממלכתי,197795.25743800000,665899.72183699999,"567826",ט. חובה,,,יפה ירקוני,6.000000,./0.png
34.9748387591716,32.0861883587609,לימון,1.00000000000,יפה ירקוני6,פסגות אפק,ממלכתי,197780.52683399999,665898.80669200001,"567834",חובה,,,יפה ירקוני,6.000000,./0.png
34.9747247101824,32.0860994019444,שיזף,1.00000000000,יפה ירקוני 9,פסגות אפק,ממלכתי,197769.73890699999,665888.96518599999,"567842",ט. חובה,,,יפה ירקוני,9.000000,./0.png
34.9745537599906,32.0860613328298,אשכולית,1.00000000000,יפה ירקוני 6,פסגות אפק,ממלכתי,197753.59115100000,665884.77807600005,"567859",חובה,,,יפה ירקוני,6.000000,./0.png
34.9816979076936,32.0883687301544,תומר,1.00000000000,הרב גורן 69,פסגות אפק,ממלכתי,198428.57160500000,666139.23064800003,"567883",ט. חובה,,,הרב גורן,69.000000,./0.png
34.9815512729735,32.0882680246785,רקפת,1.00000000000,תרצה אתר 1,פסגות אפק,ממלכתי,198414.70564800000,666128.09200199996,"567867",חובה,,,תרצה אתר,1.000000,./0.png
34.9814554297195,32.0884079932916,כלנית,1.00000000000,תרצה אתר 1,פסגות אפק,ממלכתי,198405.68974700000,666143.63183099998,"567891",ט. חובה,,,תרצה אתר,1.000000,./0.png
34.9774981296067,32.0886396519844,אמנון ותמר,1.00000000000,הרב גורן 3,פסגות אפק,ממ''ד,198032.15950700000,666170.09954900004,"567925",חובה,,,הרב גורן,3.000000,./0.png
34.9816177138931,32.0884685603153,אלה,1.00000000000,"הרב גורן 69
",פסגות אפק,ממלכתי,198421.02386600000,666150.31645699998,"567875",חובה,,,הרב גורן,69.000000,./0.png
34.9774932272711,32.0885333477181,סחלב,1.00000000000,הרב גורן 3,פסגות אפק,ממ''ד,198031.67190900000,666158.31243199995,"567941",ט. חובה,,,הרב גורן,3.000000,./0.png
34.9632422912113,32.0831985547917,שני,1.00000000000,גרטרוד עליון 16,פסגות אפק,ממלכתי,196685.00782699999,665569.65592000005,"620740",ט. חובה,,,גרטרוד עליון,16.000000,./0.png
34.9631946499505,32.0831144580385,יובל,1.00000000000,גרטרוד עליון 16,פסגות אפק,ממלכתי,196680.48920000001,665560.34048300004,"620732",ט. חובה,,,גרטרוד עליון,16.000000,./0.png
34.9633314835816,32.0832690968241,נחשון,1.00000000000,גרטרוד עליון 16,פסגות אפק,ממלכתי,196693.44589100001,665577.45950800006,"620724",חובה,,,גרטרוד עליון,16.000000,./0.png
34.9727991562639,32.0882993034723,אביב,1.00000000000,נילס בוהר 25,פסגות אפק,ממ''ד,197588.47845100000,666133.30114700005,"620682",חובה,,,פול סמואלסון,25.000000,./0.png
34.9727886027868,32.0885728118209,אשחר,1.00000000000,נילס בוהר 25,פסגות אפק,ממלכתי,197587.54728999999,666163.63265699998,"620765",ט. חובה,,,נילס בוהר,25.000000,./0.png
34.9726557209055,32.0884839371671,גלים,1.00000000000,נילס בוהר 25,פסגות אפק,ממ''ד,197574.98157599999,666153.80428200006,"620690",ט. חובה,,,נילס בוהר,25.000000,./0.png
34.9727678119265,32.0884237778444,מורן,1.00000000000,נילס בוהר 25,פסגות אפק,ממלכתי,197585.54906399999,666147.11047800002,"620773",חובה,,,נילס בוהר,25.000000,./0.png
34.9728817501167,32.0884020373829,תלתן,1.00000000000,נילס בוהר 25,פסגות אפק,ממלכתי,197596.30009100001,666144.67658199999,"620757",ט. חובה,,,נילס בוהר,25.000000,./0.png
34.9635968705097,32.0830696282774,דולב,1.00000000000,גרטוד עליון 20,פסגות אפק,ממלכתי,196718.45147199999,665555.28447099996,"574467",ט. חובה,,,גרטוד עליון,20.000000,./0.png
34.9635196085977,32.0829563505605,שילה,1.00000000000,גרטוד עליון 20,פסגות אפק,ממלכתי,196711.12917500001,665542.73938499996,"574459",חובה,,,גרטוד עליון,20.000000,./0.png
34.9634767446007,32.085378344637,חרצית,1.00000000000,קרל לנדשטיינר 2,פסגות אפק,ממלכתי,196707.68225899999,665811.32350000006,"567933",חובה,,,קרל לנדשטיינר,2.000000,./0.png
34.9633613997125,32.0852886907281,עירית,1.00000000000,קרל לנדשטיינר 2,פסגות אפק,ממלכתי,196696.77067999999,665801.40609900001,"567909",ט. חובה,,,קרל לנדשטיינר,2.000000,./0.png
34.9800037785614,32.0821515784117,שיבולת,1.00000000000,נתן אלתרמן 10 פינת חיים הרצוג,פסגות אפק,ממלכתי,198267.20506000001,665450.14201299998,"620823",חובה,,,נתן אלתרמן,10.000000,./0.png
34.9804074725583,32.0823080852149,קלמנטינה,1.00000000000,חיים הרצוג 27,פסגות אפק,ממלכתי,198305.35394999999,665467.41783900000,"574426",ט. חובה,,,חיים הרצוג,27.000000,./0.png
34.9809482250568,32.0826123129643,כרמים,1.00000000000,נתן אלתרמן 10,פסגות אפק,ממלכתי,198356.47632600000,665501.04776900006,"620807",חובה,,,נתן אלתרמן,10.000000,./0.png
34.9808209428311,32.0824362315291,עינב,1.00000000000,נתן אלתרמן 10,פסגות אפק,ממלכתי,198344.41917000001,665481.54700200004,"620781",ט. חובה,,,נתן אלתרמן,10.000000,./0.png
34.9802641115305,32.082028784256,דגנית,1.00000000000,"נתן אלתרמן 10 פינת חיים הרצוג
",פסגות אפק,ממלכתי,198291.75487100001,665436.47427600005,"620799",ט. חובה,,,נתן אלתרמן,10.000000,./0.png
34.9801421464397,32.0820782481491,סיגליות,1.00000000000,נתן אלתרמן 10 פינת חיים הרצוג,פסגות אפק,ממלכתי,198280.25150300001,665441.98325699999,"620849",ט. חובה,,,נתן אלתרמן,10.000000,./0.png
34.9803793085851,32.0826265154532,אלומות,1.00000000000,נתן אלתרמן 10 פינת חיים הרצוג,פסגות אפק,ממלכתי,198302.76831600000,665502.73408199998,"620856",חובה,,,נתן אלתרמן,10.000000,./0.png
34.9825046220147,32.0861945205366,שסק,1.00000000000,לאה גולדברג 48,פסגות אפק,ממלכתי,198504.23255500000,665897.97546600003,"574418",חובה,,,לאה גולדברג,48.000000,./0.png
34.9826710216212,32.0863490394212,פפאיה,1.00000000000,לאה גולדברג 48,פסגות אפק,ממלכתי,198519.97691500001,665915.07776599994,"574442",ט. חובה,,,לאה גולדברג,48.000000,./0.png
34.9824335190508,32.0857455140439,פטל,1.00000000000,"לאה גולדברג 48
",פסגות אפק,ממלכתי,198497.41754200001,665848.19893399999,"574368",ט. חובה,,,לאה גולדברג,48.000000,./0.png
34.9821528158493,32.0856634311089,אננס,1.00000000000,לאה גודברג פינת זיקו גרציאני,פסגות אפק,ממלכתי,198470.89856500001,665839.15132199996,"574343",חובה,,,לאה גולדברג,48.000000,./0.png
34.980262679041,32.0824026097106,תפוח,1.00000000000,חיים הרצוג 27,פסגות אפק,ממלכתי,198291.70575900000,665477.92805200000,"574376",חובה,,,חיים הרצוג,27.000000,./0.png
34.9808322904472,32.0827178792313,תירוש,1.00000000000,נתן אלתרמן 10,פסגות אפק,ממלכתי,198345.55522600000,665512.77668799995,"620831",ט. חובה,,,נתן אלתרמן,10.000000,./0.png
34.9838342444583,32.0866784001133,אגוז,1.00000000000,נחום גוטמן 2,פסגות אפק,ממלכתי,198629.86673899999,665951.37543599994,"574384",חובה,,,נחום גוטמן,2.000000,./0.png
34.9839903528906,32.0866073806623,אפרסק,1.00000000000,נחום גוטמן 2,פסגות אפק,ממלכתי,198644.58815600001,665943.46996100002,"574350",ט. חובה,,,נחום גוטמן,2.000000,./0.png
34.9839349221287,32.0868153762803,פיסטוק,1.00000000000,יוסי בנאי 2,פסגות אפק,ממ''ד,198639.40231999999,665966.54529799998,"574475",ט. חובה,,,יוסי בנאי,2.000000,./0.png
34.9840892000003,32.0867439161558,מנדרינה,1.00000000000,יוסי בנאי 2,פסגות אפק,ממ''ד,198653.95080699999,665958.59132200002,"574491",חובה,,,יוסי בנאי,2.000000,./0.png
34.9892566506232,32.0800569881258,אוכמנית - ASD תקשורתי,10.00000000000,יואל הנביא (מגרש 514),פסגות אפק,ממלכתי,199140.30777799999,665216.09339399997,"637405",חינוך מיוחד,,,יואל הנביא,7.000000,./0.png
34.9770470668758,32.0884338287991,משמש,1.00000000000,הרב גורן 2,פסגות אפק,ממלכתי,197989.52945199999,666147.36546700005,"574327",ט. חובה,,,הרב גורן,2.000000,./0.png
34.9772542160225,32.0882370737134,תפוז,1.00000000000,הרב גורן 2,פסגות אפק,ממלכתי,198009.03917199999,666125.50607500004,"574400",חובה,,,הרב גורן,2.000000,./0.png
34.9768688983262,32.0882110943039,פרג,1.00000000000,הרב גורן 3,פסגות אפק,ממ''ד,197972.65755800001,666122.70188700000,"636894",ט. חובה,,,הרב גורן,3.000000,./0.png
34.9771791811009,32.0883157944098,רימון,1.00000000000,הרב גורן 2,פסגות אפק,ממלכתי,198001.97396400000,666134.25034000003,"574392",חובה,,,הרב גורן,2.000000,./0.png
34.9371445962105,32.0988459399348,צליל,1.00000000000,המוביל הארצי 11,רמב''ם,ממלכתי,194225.44317000001,667310.60510599997,"419432",ט. חובה,,,המוביל הארצי,11.000000,./0.png
34.9770197132729,32.088073250138,אירוס,10.00000000000,הרב גורן 3,פסגות אפק,ממלכתי,197986.86287400001,666107.38631099998,"574301",חובה,,,אלוף הרב גורן,1.000000,./0.png
34.9454653090994,32.0919052759056,פז- התפתחותי,1.00000000000,ספיר יעקב 12,שבזי,ממלכתי,195009.01391400001,666539.03616899997,"637389",חינוך מיוחד,,,ספיר יעקב,12.000000,./0.png
34.9526859172631,32.0949162245601,סיני,10.00000000000,ג'ון קנדי 34,אביב,תורני,195691.42099799999,666871.30732200004,"523449",חובה,,,ג'ון קנדי,34.000000,./0.png
34.9490252176145,32.1064242730935,ברקן,1.00000000000,נחשול 11,נופרים,ממלכתי,195348.88367200000,668148.25196999998,"620872",ט. חובה,,,נחשול,11.000000,./0.png
34.978364393591,32.0908665930602,חמניה- אנתרופוסופי,1.00000000000,איילון 40,נווה אפק,ממלכתי,198114.45548300000,666416.87357800000,"620864",ט. חובה,,,איילון,40.000000,./0.png
34.9811375891922,32.0831483019992,יהלום,1.00000000000,נתן אלתרמן 10,מתחם האומנים,ממלכתי,198374.47716499999,665560.44656600000,"625590",ט. חובה,,,נתן אלתרמן,10.000000,./0.png
34.9763392462993,32.0856617877814,אודם,1.00000000000,שייקה אופיר 8,מתחם האומנים,ממלכתי,197922.05854699999,665840.11471800006,"625608",ט. חובה,,,שייקה אופיר,8.000000,./0.png
34.9813143457683,32.0830668927226,אלמוג,1.00000000000,נתן אלתרמן 10,מתחם האומנים,ממ''ד,198391.14594799999,665551.38456899999,"625616",ט. חובה,,,נתן אלתרמן,10.000000,./0.png
34.970606404946,32.0891310744132,שוהם,1.00000000000,פול סמואלסון 2,פסגות אפק,ממלכתי,197381.67396900000,666225.98292700003,"625707",חובה,,,פול סמואלסון,2.000000,./0.png
34.9706690838213,32.0892081410531,חלמיש,1.00000000000,פול סמואלסון 2,פסגות אפק,ממלכתי,197387.60956899999,666234.51603199996,"625699",ט. חובה,,,פול סמואלסון,2.000000,./0.png
34.9666970058903,32.0829551424757,לשם,1.00000000000,גרטוד עליון 38,פסגות אפק,ממלכתי,197011.10529300000,665541.93999400001,"625681",חובה,,,גרטוד עליון,38.000000,./0.png
34.9666730946658,32.0830844990442,טורקיז,1.00000000000,גרטוד עליון 38,פסגות אפק,ממלכתי,197008.87945800001,665556.28932300000,"625665",ט. חובה,,,גרטרוד עליון,38.000000,./0.png
34.9630847474706,32.0829339758907,ירדן,1.00000000000,גרטוד עליון 16,פסגות אפק,ממלכתי,196670.06861100000,665540.35001499997,"625673",ט. חובה,,,גרטוד עליון,16.000000,./0.png
34.9630073410311,32.0828321775415,פלג,1.00000000000,גרטוד עליון 16,פסגות אפק,ממלכתי,196662.73544700001,665529.07794200000,"625772",חובה,,,גרטוד עליון,16.000000,./0.png
34.9803248677892,32.0835605225519,נבטים,1.00000000000,עפרה חזה 5,מתחם האומנים,ממלכתי,198297.84371300001,665606.31679199997,"625749",ט. חובה,,,עפרה חזה,5.000000,./0.png
34.9803873074539,32.0836718524542,צנובר,1.00000000000,עפרה חזה 5,מתחם האומנים,ממלכתי,198303.76420500001,665618.64992100000,"625731",ט. חובה,,,עפרה חזה,5.000000,./0.png
34.9803502030333,32.083349773538,לוטוס,1.00000000000,עפרה חזה 5,מתחם האומנים,ממלכתי,198300.18704399999,665582.94186699996,"625723",חובה,,,עפרה חזה,5.000000,./0.png
34.9802115129994,32.0834502175466,חיטה,1.00000000000,עפרה חזה 5,מתחם האומנים,ממלכתי,198287.11660099999,665594.10730599996,"625715",חובה,,,עפרה חזה,5.000000,./0.png
34.9492239249046,32.106640844468,ארגמן,1.00000000000,נחשול 11,נופרים,ממלכתי,195367.69558500001,668172.22326799994,"625764",חובה,,,נחשול,11.000000,./0.png
34.9493688548846,32.1065390159275,משי,1.00000000000,נחשול 11,נופרים,ממלכתי,195381.34811200001,668160.89907900000,"625756",ט. חובה,,,נחשול,11.000000,./0.png
34.9548297121628,32.0881160714742,ורד,1.00000000000,הר המור 4,מצפה אפק,ממ''ד,195892.04426800000,666116.76646399999,"204495",ט. חובה,,,הר המור,4.000000,./0.png
34.9665295206558,32.0829147366035,חושן,1.00000000000,גרטוד עליון 38,פסגות אפק,ממ''ד,196995.28322000001,665537.49424100004,"625657",חובה,,,גרטוד עליון,38.000000,./0.png
34.966504534382,32.0830510948105,אופיר,1.00000000000,גרטוד עליון 38,פסגות אפק,ממ''ד,196992.95762400000,665552.62020899996,"625624",ט. חובה,,,גרטרוד עליון,38.000000,./0.png
34.9401198552888,32.0988976282146,גלבוע,1.00000000000,התנאים 8,רמב''ם,תורני,194506.30151100000,667315.64461500000,"423079",חובה,,,גלוסקא,4.000000,./0.png
34.9667364915189,32.0828254973567,חורש- התפתחותי,1.00000000000,גרטרוד עליון 38,פסגות אפק,ממלכתי,197014.80143600001,665527.55542899994,"621623",חינוך מיוחד,,,גרטוד עליון,38.000000,./0.png
34.9634199324793,32.0827956399256,שקמה- התפתחותי,1.00000000000,גרטרוד עליון 16,פסגות אפק,ממלכתי,196701.67899300001,665524.93919399998,"578096",חינוך מיוחד,,,גרטרוד עליון,16.000000,./0.png
34.9665623611105,32.0827924305605,דגן- התפתחותי,1.00000000000,"גרטרוד עליון 38
",רמב''ם,ממלכתי,196998.35376900001,665523.92488399998,"621631",חינוך מיוחד,,,גרטרוד עליון,38.000000,./0.png
34.9697254143385,32.0837185941701,"צפצפה- התפתחותי
",1.00000000000,גרטי קורי 17א,פסגות אפק,ממלכתי,197297.19989700001,665625.97317300003,"628602",חינוך מיוחד,,,גרטי קורי,19.000000,./0.png
34.9747192252414,32.0958367893283,פרחים- התפתחותי,1.00000000000,מבצע דני 23,נווה אפק,ממלכתי,197771.52063899999,666968.74657299998,"319053",חינוך מיוחד,,,מבצע  דני,23.000000,./0.png
34.9718229515772,32.0958355093235,"כפיר- ח.מיוחד
",1.00000000000,הא באייר 120,נווה אפק,ממלכתי,197498.12308200001,666969.19062200002,"204560",חינוך מיוחד,,,הא באייר,120.000000,./0.png
34.9746128591409,32.0932534420442,"לוטם- התפתחותי
",1.00000000000,ברקן 2,נווה אפק,ממלכתי,197760.86966600001,666682.30004999996,"523530",חינוך מיוחד,,,ברקן,2.000000,./0.png
34.9781552217491,32.0907878395801,הרמוניה- התפתחותי,1.00000000000,איילון 40,נווה אפק,ממלכתי,198094.69106799999,666408.18199800001,"451963",חינוך מיוחד,,,איילון,1.000000,./0.png
34.9791062813517,32.0935768760293,פקאן- ASD,1.00000000000,ברקן 58,נווה אפק,ממלכתי,198185.11850000001,666717.27072300005,"578104",חינוך מיוחד,,,ברקן,58.000000,./0.png
34.9714670775681,32.0956322842323,צוף- ASD,1.00000000000,הא באייר 120,נווה אפק,ממלכתי,197464.48124400000,666946.72745200002,"628636",חינוך מיוחד,,,הא באייר,120.000000,./0.png
34.9632240142837,32.0929124456597,סביון- התפתחותי,1.00000000000,חרמון 34,גבעת טל,ממלכתי,196685.69093099999,666646.83442700002,"204206",חינוך מיוחד,,,חרמון,34.000000,./0.png
34.9630748638075,32.0929916366321,"יערה- התפתחותי
",1.00000000000,חרמון 34,גבעת טל,ממלכתי,196671.63089000000,666655.64742900000,"266775",חינוך מיוחד,,,חרמון,34.000000,./0.png
34.9565577509886,32.0949867288059,רון- התפתחותי,1.00000000000,עלי הכהן 8,הרקפות,ממ''ד,196056.92927399999,666878.27899000002,"463653",חינוך מיוחד,,,עלי הכהן,8.000000,./0.png
34.9526678363394,32.0947743392202,עפרוני- התפתחותי,1.00000000000,ג'ון קנדי 32,אביב,ממ''ד,195689.67748000001,666855.57759899995,"523449",חינוך מיוחד,,,ג'ון קנדי,32.000000,./0.png
34.9619520618803,32.1027779784137,"דקל- ASD

",1.00000000000,יונה 1,גבעת הסלעים,ממלכתי,196568.07937500000,667741.09563100000,"204644",חינוך מיוחד,,,יונה,1.000000,./0.png
34.9577967364362,32.1016961032176,שיטה-התפתחותי,1.00000000000,ורדית 2 פינת גזית,גבעת הסלעים,ממ''ד,196175.58750299999,667622.01562099997,"578112",חינוך מיוחד,,,ורדית,2.000000,./0.png
34.9491566405288,32.1063408142466,ניר- התפתחותי,1.00000000000,נחשול 11,הרקפות,ממ''ד,195361.26616299999,668138.96779899998,"628651",חינוך מיוחד,,,נחשול,11.000000,./0.png
34.9633209889074,32.1020143074295,ליצ'י- ASD,1.00000000000,הדרור 30,גבעת הסלעים,ממלכתי,196697.10180999999,667656.12211600004,"628628",חינוך מיוחד,,,הדרור,30.000000,./0.png
34.9399316274645,32.0989514991544,אופק- שפתי,1.00000000000,תנאים 24,רמב''ם,תורני,194488.54874299999,667321.66194899997,"759530",חינוך מיוחד,,,התנאים,22.000000,./0.png
34.9453797469954,32.0919822960135,ניצן- התפתחותי,1.00000000000,ספיר יעקב 12,שבזי,ממ''ד,195000.95733500001,666547.59634499997,"578088",חינוך מיוחד,,,ספיר יעקב,12.000000,./0.png
34.9430285489979,32.1036903882051,רימון - בנים,1.00000000000,חזון איש 84,רמב''ם,תורני,194782.15068799999,667846.44663300004,"220004",חובה,,,אבצ''ן,12.000000,./0.png
34.9656490225133,32.0860981012697,ברקת,1.00000000000,רוזלין יאלו 3,מתחם פרסי נובל,ממ''ד,196912.93713499999,665890.68138900003,"636811",חובה,,,רוזלין יאלו,3.000000,./0.png
34.9654483460844,32.0861017791548,טופז,1.00000000000,רוזלין יאלו 3,מתחם פרסי נובל,ממ''ד,196893.99293099999,665891.13118100003,"636829",ט. חובה,,,רוזלין יאלו,3.000000,./0.png
34.9886518536019,32.0762252448776,נוגה,1.00000000000,מרים הנביאה (מגרש 453),מתחם הנביאים,ממ''ד,199082.35775699999,664791.30590399995,"636803",ט. חובה,,,מרים הנביאה,0.000000,./0.png
34.949344316296,32.106401900351,דביר,1.00000000000,נחשול 11,נופרים,ממלכתי,195378.99605700001,668145.69974299998,"636928",ט. חובה,,,נחשול,11.000000,./0.png
34.9490690570353,32.1065969970774,נועם,1.00000000000,נחשול 11,נופרים,ממ''ד,195353.06683800000,668167.39561999997,"636860",ט. חובה,,,נחשול,11.000000,./0.png
34.9907062330099,32.0758057035219,סהר,1.00000000000,אליהו הנביא (מגרש 510),מתחם הנביאים,ממלכתי,199276.23256599999,664744.39702000003,"637165",ט. חובה,,,אליהו הנביא,0.000000,./0.png
34.990648122048,32.075669483832,תבל,1.00000000000,אליהו הנביא (מגרש 510),מתחם הנביאים,ממלכתי,199270.71599299999,664729.30251099996,"637157",חובה,,,אליהו הנביא,0.000000,./0.png
34.9699175989197,32.0836564135722,מרגליות,1.00000000000,גרטי קורי 17א,מתחם פרסי נובל,ממלכתי,197315.32880100000,665619.03850899998,"637140",ט. חובה,,,גרטי קורי,19.000000,./0.png
34.9700474362554,32.0837349146612,ענבר,1.00000000000,גרטי קורי 17א,מתחם פרסי נובל,ממלכתי,197327.60549200000,665627.71686000004,"637132",חובה,,,גרטי קורי,19.000000,./0.png
34.9703550064556,32.0835732350241,תרשיש- ASD,1.00000000000,גרטי קורי 17א,מתחם פרסי נובל,ממלכתי,197356.60388300000,665609.72515700001,"637488",חינוך מיוחד,,,גרטי קורי,19.000000,./0.png
34.9705141944503,32.083571620173,ספיר,1.00000000000,גרטי קורי 17א,מתחם פרסי נובל,ממ''ד,197371.63224700000,665609.51349000004,"636845",חובה,,,גרטי קורי,19.000000,./0.png
34.9704309821304,32.0836726330372,צור,1.00000000000,גרטי קורי 17א,מתחם פרסי נובל,ממ''ד,197363.80056500001,665620.73184599995,"636837",ט. חובה,,,גרטי קורי,19.000000,./0.png
34.9399730295246,32.0990709685722,עדי,1.00000000000,התנאים 22,רמב''ם,ממ''ד,194492.48930099999,667334.90037699998,"636886",חובה,,,התנאים,22.000000,./0.png
34.9727705038658,32.0910946473354,שמש- אנטרופוסופי,1.00000000000,כינור 28,נווה אפק,ממלכתי,197586.43926600000,666443.28299500002,"636910",חובה,,,כינור,28.000000,./0.png
34.9884511015523,32.07620956034,שבתאי,1.00000000000,מרים הנביאה (מגרש 453),מתחם הנביאים,ממלכתי,199063.40000500000,664789.60456799995,"637173",חובה,,,מרים הנביאה,0.000000,./0.png
34.9882351054771,32.0761083693671,שביט,1.00000000000,מרים הנביאה (מגרש 453),מתחם הנביאים,ממלכתי,199042.98396400001,664778.42435500002,"637181",ט. חובה,,,מרים הנביאה,0.000000,./0.png
34.9880969092684,32.075957537628,צדק- ASD,1.00000000000,מרים הנביאה (מגרש 453),מתחם הנביאים,ממלכתי,199029.90243700001,664761.72479699994,"637397",חינוך מיוחד,,,מרים הנביאה,0.000000,./0.png
34.9499025506593,32.1052801112334,שנהב,1.00000000000,"נופרים (בתוך בי""ס)",נופרים,ממלכתי,195431.39157300000,668021.17947099998,"636936",חובה,,,נחשול,0.000000,./0.png
34.9811755941261,32.0828463945398,קמה,1.00000000000,נתן אלתרמן 10,מתחם האומנים,ממלכתי,198377.99590400001,665526.96062799997,"637025",חובה,,,נתן אלתרמן,10.000000,./0.png
34.9810312763745,32.0829568507574,בר,1.00000000000,נתן אלתרמן 10,מתחם האומנים,ממלכתי,198364.39629300000,665539.23731899995,"637017",ט. חובה,,,נתן אלתרמן,10.000000,./0.png
34.9808612867184,32.0830214502562,אסיף,1.00000000000,נתן אלתרמן 10,מתחם האומנים,ממלכתי,198348.36251100001,665546.43400000001,"637033",חובה,,,נתן אלתרמן,10.000000,./0.png
34.9810165523606,32.0832493487965,שונית,1.00000000000,נתן אלתרמן 10,מתחם האומנים,ממ''ד,198363.07337400000,665571.67530100001,"636852",חובה,,,נתן אלתרמן,10.000000,./0.png
34.9629549092156,32.0827715467611,אופל - ASD תקשורתי,10.00000000000,"גרטרוד עליון 20 (מגרש 803, מבנה קהילתי קומה עליונה)",מתחם פרסי נובל,ממלכתי,196657.77033100001,665522.36567099998,"637413",חינוך מיוחד,,,,20.000000,./0.png
34.9707719865796,32.0892846356158,חן,1.00000000000,פול סמואלסון 2,מתחם פרסי נובל,ממלכתי,197397.34227600001,666242.97747699998,"637058",חובה,,,פול סמואלסון,2.000000,./0.png
34.980448920591,32.0834683382458,ארבל,1.00000000000,עופרה חזה 5,מתחם האומנים,תורני,198309.53416800001,665596.07015299995,"639989",ט. חובה,,,עופרה חזה,5.000000,./0.png
34.9656361277282,32.0859551816223,פנינה,1.00000000000,רוזלין יאלו 3,מתחם פרסי נובל,ממלכתי,196911.68470600000,665874.83571100002,"637066",חובה,,,רוזלין יאלו,3.000000,./0.png
34.9654433342577,32.08594527415,קורל,1.00000000000,רוזלין יאלו 3,מתחם פרסי נובל,ממלכתי,196893.48133600000,665873.77737499995,"637041",ט. חובה,,,רוזלין יאלו,3.000000,./0.png
34.9763232826007,32.0854845077836,סברס,1.00000000000,שייקה אופיר 8,מתחם האומנים,ממלכתי,197920.50990000000,665820.45931700000,"636969",חובה,,,שייקה אופיר,8.000000,./0.png
34.9761369493524,32.0855815211004,פומלה,1.00000000000,שייקה אופיר 8,מתחם האומנים,ממלכתי,197902.94153200000,665831.25433899998,"636944",חובה,,,שייקה אופיר,8.000000,./0.png
34.9767650732243,32.0854433086639,מלון,1.00000000000,שייקה אופיר 8,מתחם האומנים,ממלכתי,197962.20831700001,665815.80264100002,"636977",ט. חובה,,,שייקה אופיר,8.000000,./0.png
34.9765203568376,32.085576484869,אבטיח,1.00000000000,שייקה אופיר 8,מתחם האומנים,ממלכתי,197939.13660400000,665830.61933799996,"636985",חובה,,,שייקה אופיר,8.000000,./0.png
34.976527570892,32.0853798912776,בננה,1.00000000000,שייקה אופיר 8,מתחם האומנים,ממלכתי,197939.77160599999,665808.81762800005,"636951",ט. חובה,,,שייקה אופיר,8.000000,./0.png
34.9630269458817,32.0827277919394,אדווה,0.00000000000,"גרטרוד עליון 20 (מגרש 803, מבנה קהילתי קומה עליונה)",,ממלכתי,196664.56043300001,665517.49847700004,"654012",חובה,,,,0.000000,./0.png
34.9705876427206,32.0890430038354,נוי,0.00000000000,פול סמואלסון 2 (מגרש 814),,ממלכתי,197379.88158500000,666216.22060899995,"651497",ט. חובה,,,פול סמואלסון,2.000000,./0.png
34.965334242654,32.0877156503799,פלמינגו - התפתחותי,0.00000000000,"אלברט איינשטיין (בתוך חט""ב בראשית)",,ממ''ד,196883.61750900000,666070.11740100000,"652552",חינוך מיוחד,,,אלברט איינשטיין,0.000000,./0.png
34.9653262540382,32.0875545802807,פרפר - התפתחותי,0.00000000000,"אלברט איינשטיין (בתוך חט""ב בראשית)",,ממ''ד,196882.82375700001,666052.25798999995,"652545",חינוך מיוחד,,,אלברט איינשטיין,0.000000,./0.png
34.9660194430056,32.0877348364692,"דולפין - תקשורתי
",0.00000000000,"אלברט איינשטיין (בתוך חט""ב בראשית)",,ממלכתי,196948.30826300001,666072.10178000003,"652586",חינוך מיוחד,,,אלברט איינשטיין,0.000000,./0.png
34.9660156943131,32.0875594583852,סנאי - תקשורתי,0.00000000000,"אלברט איינשטיין (בתוך חט""ב בראשית)",,ממלכתי,196947.91138800001,666052.65486600006,"652602",חינוך מיוחד,,,אלברט איינשטיין,0.000000,./0.png
34.9769640567516,32.0884787704073,קינמון,0.00000000000,הרב גורן 1,,ממ''ד,197981.70348900001,666152.36556800001,"651463",חובה,,,אלוף הרב גורן,1.000000,./0.png
34.9890944762809,32.0800185192597,תכלת,0.00000000000,יואל הנביא (מגרש 514),,ממלכתי,199124.98799800000,665211.85813099996,"651703",ט. חובה,,,יואל הנביא,7.000000,./0.png
34.9886502925206,32.0757029109309,גלעד - התפתחותי,0.00000000000,"מרים הנביאה (בתוך בי""ס, מגרש 453)",,ממלכתי,199082.09454399999,664733.38467399997,"652529",חינוך מיוחד,,,מרים הנביא,34.000000,./0.png
34.9886506242456,32.0755616599056,פרדס - תקשורתי,0.00000000000,"מרים הנביאה (בתוך בי""ס, מגרש 453)",,ממלכתי,199082.09454399999,664717.72130900004,"652578",חינוך מיוחד,,,מרים הנביא,34.000000,./0.png
34.9886571793756,32.0756342056667,גליל - התפתחותי,0.00000000000,"מרים הנביאה (בתוך בי""ס, מגרש 453)",,ממלכתי,199082.72954500001,664725.76465899998,"652537",חינוך מיוחד,,,מרים הנביא,34.000000,./0.png
34.9883522103778,32.0756680445817,זיו,0.00000000000,"מרים הנביאה (בתוך בי""ס, מגרש 453)",,ממ''ד,199053.94282100000,664729.57466599997,"651471",ט. חובה,,,מרים הנביא,34.000000,./0.png
34.9887032672452,32.0760561300749,שמיים,0.00000000000,"מרים הנביאה (בתוך בי""ס, מגרש 453)",,ממלכתי,199087.17455400000,664772.54308600002,"651711",חובה,,,מרים הנביא,34.000000,./0.png
34.9882577572931,32.0757938646564,שחר,0.00000000000,"מרים הנביאה (בתוך בי""ס, מגרש 453)",,ממ''ד,199045.05280300000,664743.54469400004,"651489",חובה,,,מרים הנביא,34.000000,./0.png
34.9888224786918,32.0758883580797,זוהר,0.00000000000,"מרים הנביאה (בתוך בי""ס, מגרש 453)",,ממלכתי,199098.39291000000,664753.91638199997,"651737",ט. חובה,,,מרים הנביא,34.000000,./0.png
34.9887707104789,32.0759760750391,כוכב,0.00000000000,"מרים הנביאה (בתוך בי""ס, מגרש 453)",,ממלכתי,199093.52456699999,664763.65306799999,"651729",ט. חובה,,,מרים הנביא,34.000000,./0.png
34.9498515915851,32.1055669176044,שירה,0.00000000000,"נחשול 13 (בתוך בי""ס)",,ממלכתי,195426.65681600000,668052.99492400000,"651745",חובה,,,נחשול,13.000000,./0.png
34.9498694589696,32.1054416889105,עמית,0.00000000000,"נחשול 13 (בתוך בי""ס)",,ממלכתי,195428.31046499999,668039.10427200003,"651752",ט. חובה,,,נחשול,13.000000,./0.png
34.9450776975125,32.1028274814679,נחל - התפתחותי,0.00000000000,השריון 59,,ממלכתי,194975.33601200001,667750.29143300001,"652560",חינוך מיוחד,,,השריון,59.000000,./0.png
34.9668589831202,32.0843635416209,אתרוג,1.00000000000,שבזי 180,פסגות אפק,תורני,197026.74139200000,665698.08375100000,"0",חובה,,,שבזי,180.000000,./0.png
34.9669766905583,32.0843635236451,"גן חב""ד",1.00000000000,שבזי 180,פסגות אפק,ממ''ד,197037.85391400001,197037.85391400001,"0",חובה,,,שבזי,180.000000,./0.png
